{"CO": [142.30240168, 73.58279212, 32.84154156, 9.38885801, -3.57770859, -10.34888436, -13.53840911, -14.68035237, -14.67264841, -14.04543076, -13.11558979, -12.06375712, -10.99163189, -9.9525209, -8.97490285, -8.07138619, -7.24391197, -6.49258321, -5.8134526, -5.20403696, -4.65856342, -4.17234631, -3.73912587, -3.35477809, -3.01369741, -2.71229691, -2.44562846, -2.21040533, -2.00217863, -1.81726476], "H2": [-4.69438588, -6.07537998, -6.64156436, -6.76556611, -6.64099957, -6.37402492, -6.0274537, -5.64062888, -5.23898692, -4.83869252, -4.44948087, -4.07699958, -3.7243273, -3.39346863, -3.08544726, -2.80076921, -2.53900112, -2.29883648, -2.07807496, -1.8749907, -1.68876747, -1.51898733, -1.36490221, -1.22546235, -1.09940268, -0.98552191, -0.88270629, -0.7900603, -0.70674222, -0.63192722], "O2": [188.48070693, 101.25137269, 51.57371182, 23.25951436, 7.475687659999999, -1.176935, -5.714917359999999, -7.86385804, -8.64627743, -8.6740665, -8.29818831, -7.72874731, -7.06495357, -6.37166322, -5.690012029999999, -5.04304612, -4.4411891, -3.89040309, -3.39181352, -2.9465733299999997, -2.5515902, -2.20376636, -1.8981117299999999, -1.63121917, -1.39789497, -1.1949842800000001, -1.0217956099999999, -0.87638679, -0.7536647000000001, -0.6488309], "CH": [20.931466479999997, 9.348806549999999, 2.60798428, -1.29634482, -3.52420875, -4.74381412, -5.3473220900000005, -5.56988396, -5.55666028, -5.39937503, -5.15860485, -4.87180087, -4.56374387, -4.24943098, -3.9381745100000005, -3.6358946799999994, -3.34642962, -3.07256424, -2.81544626, -2.575547, -2.35264146, -2.14633459, -1.95576351, -1.77973751, -1.61784431, -1.46867672, -1.33177416, -1.20646999, -1.09206671, -0.9880193], "CC": [113.50132811, 69.26205618, 39.63192734, 19.82669554, 7.05524573, -0.80793052, -5.37229936, -7.77729944, -8.8042625, -8.995129639999998, -8.77493326, -8.345087620000001, -7.82397231, -7.281793410000001, -6.757649570000001, -6.2679046199999995, -5.796730060000001, -5.33562183, -4.89246287, -4.47319561, -4.07942777, -3.7126936699999997, -3.37205342, -3.0579943099999998, -2.76857554, -2.50432171, -2.26281668, -2.0432652, -1.84314062, -1.66025482]}